flight_id,origin,destination,aircraft_type,assigned_aircraft,std,sta,flight_duration,passengers,forced_delay,c_cancel,c_delay_per_min
FL-1000,DEL,GOI,A320,VT-AC135,330,480,150,166,0,690440,665
FL-1001,DEL,BLR,A320,VT-AC126,331,491,160,175,0,720475,785
FL-1002,DEL,BOM,ATR72,VT-AC220,331,456,125,65,0,378492,930
FL-1003,DEL,CCU,A320,VT-AC114,333,463,130,148,0,699701,719
FL-1004,HYD,DEL,ATR72,VT-AC215,333,463,130,61,15,381809,732
FL-1005,BOM,BLR,A320,VT-AC136,335,430,95,149,0,651167,758
FL-1006,BOM,BLR,A321,VT-AC164,336,431,95,203,0,941475,746
FL-1007,DEL,BOM,A320,VT-AC103,336,461,125,157,0,760626,777
FL-1008,DEL,BLR,A321,VT-AC169,336,496,160,184,0,827880,853
FL-1009,BLR,BOM,A320,VT-AC131,337,437,100,174,0,821527,696
FL-1010,DEL,MAA,A320,VT-AC127,340,510,170,161,0,740310,768
FL-1011,BOM,COK,A320,VT-AC156,340,461,121,154,0,701822,753
FL-1012,BOM,HYD,A320,VT-AC140,341,426,85,158,0,678385,759
FL-1013,DEL,HYD,A321,VT-AC167,343,473,130,188,0,830778,831
FL-1014,DEL,BOM,A321,VT-AC170,343,468,125,197,0,867827,858
FL-1015,BLR,HYD,B737,VT-AC202,343,413,70,184,0,862356,937
FL-1016,DEL,COK,A321,VT-AC190,345,535,190,188,0,837912,852
FL-1017,DEL,CCU,ATR72,VT-AC214,347,477,130,67,0,380421,930
FL-1018,HYD,DEL,A320,VT-AC107,347,477,130,163,45,707114,757
FL-1019,BOM,MAA,A320,VT-AC112,347,462,115,164,0,799445,876
FL-1020,DEL,AMD,A321,VT-AC189,348,438,90,196,0,784875,803
FL-1021,BLR,PNQ,A320,VT-AC119,349,489,140,156,0,773240,710
FL-1022,BOM,DEL,A320,VT-AC138,349,479,130,156,45,683479,678
FL-1023,CCU,DEL,B737,VT-AC197,349,489,140,167,45,785462,766
FL-1024,BOM,BLR,A321,VT-AC181,350,445,95,189,0,858915,717
FL-1025,BLR,MAA,A320,VT-AC158,350,405,55,152,0,725972,801
FL-1026,BOM,CCU,A320,VT-AC101,350,505,155,148,0,733605,807
FL-1027,DEL,MAA,A320,VT-AC146,353,523,170,174,0,779083,692
FL-1028,BLR,MAA,A320,VT-AC141,354,409,55,175,0,774635,794
FL-1029,HYD,BOM,B737,VT-AC200,354,439,85,167,0,749123,914
FL-1030,CCU,DEL,A321,VT-AC187,355,495,140,182,30,811248,654
FL-1031,BOM,BLR,A320,VT-AC118,357,452,95,175,0,783449,794
FL-1032,BOM,DEL,B737,VT-AC198,357,487,130,184,15,802889,725
FL-1033,DEL,BLR,A321,VT-AC168,357,517,160,184,0,875046,928
FL-1034,DEL,BLR,A320,VT-AC142,358,518,160,171,0,786114,724
FL-1035,HYD,AMD,ATR72,VT-AC216,358,472,114,67,0,374930,749
FL-1036,DEL,BOM,B737,VT-AC196,360,485,125,180,120,748116,834
FL-1037,BOM,DEL,A320,VT-AC149,360,490,130,158,45,757182,932
FL-1038,BLR,CCU,A320,VT-AC137,361,511,150,149,0,730566,823
FL-1039,BLR,COK,A320,VT-AC129,362,427,65,169,0,736594,708
FL-1040,HYD,DEL,A321,VT-AC184,363,493,130,200,30,890571,906
FL-1041,DEL,BLR,B737,VT-AC201,366,526,160,178,120,750118,763
FL-1042,BOM,DEL,B737,VT-AC208,367,497,130,175,15,777292,770
FL-1043,BOM,AMD,B737,VT-AC206,367,485,118,170,0,752978,718
FL-1044,DEL,BLR,B737,VT-AC195,367,527,160,157,30,673765,842
FL-1045,DEL,PNQ,A321,VT-AC171,368,488,120,215,60,961994,903
FL-1046,DEL,BOM,B737,VT-AC205,370,495,125,177,45,740274,731
FL-1047,DEL,BOM,A320,VT-AC152,371,496,125,176,90,778927,807
FL-1048,CCU,BLR,A320,VT-AC134,372,527,155,166,0,780837,676
FL-1049,DEL,MAA,A320,VT-AC108,375,545,170,157,30,722721,858
FL-1050,DEL,COK,A320,VT-AC147,376,566,190,167,120,742939,714
FL-1051,HYD,GOI,A321,VT-AC172,376,468,92,203,0,888210,931
FL-1052,HYD,BOM,A320,VT-AC139,377,462,85,157,0,727494,821
FL-1053,BOM,CCU,B737,VT-AC204,377,532,155,180,0,793757,948
FL-1054,BOM,HYD,ATR72,VT-AC218,377,462,85,69,0,381426,913
FL-1055,CCU,BLR,A321,VT-AC161,377,532,155,214,0,899110,926
FL-1056,DEL,COK,A320,VT-AC104,379,569,190,155,90,732377,934
FL-1057,BOM,BLR,A320,VT-AC109,381,476,95,175,0,749077,910
FL-1058,BOM,BLR,A321,VT-AC163,382,477,95,215,0,989310,739
FL-1059,CCU,BOM,B737,VT-AC199,382,542,160,172,0,765491,738
FL-1060,BOM,BLR,ATR72,VT-AC219,382,477,95,64,0,355664,710
FL-1061,DEL,BLR,A320,VT-AC113,383,543,160,149,90,726080,849
FL-1062,DEL,BOM,ATR72,VT-AC217,383,508,125,66,45,378680,800
FL-1063,DEL,COK,A320,VT-AC110,385,575,190,165,60,765567,713
FL-1064,BOM,MAA,ATR72,VT-AC213,387,502,115,60,0,365943,921
FL-1065,DEL,MAA,A321,VT-AC180,387,557,170,196,30,894769,838
FL-1066,DEL,HYD,A321,VT-AC174,388,518,130,185,90,848855,881
FL-1067,BOM,AMD,A320,VT-AC115,389,479,90,165,0,805212,708
FL-1068,BLR,GOI,A321,VT-AC165,390,493,103,193,0,774658,763
FL-1069,CCU,BOM,A320,VT-AC125,391,551,160,163,0,730976,814
FL-1070,CCU,DEL,B737,VT-AC210,391,531,140,156,30,681849,810
FL-1071,DEL,CCU,A321,VT-AC176,392,522,130,187,60,795461,880
FL-1072,BOM,BLR,A320,VT-AC116,392,487,95,165,0,787389,728
FL-1073,DEL,GOI,B737,VT-AC191,392,542,150,166,60,705079,813
FL-1074,HYD,BOM,ATR72,VT-AC211,392,477,85,59,0,349311,843
FL-1075,DEL,MAA,A320,VT-AC143,393,563,170,168,45,726746,650
FL-1076,DEL,MAA,A320,VT-AC151,393,563,170,154,90,742265,857
FL-1077,DEL,BOM,A321,VT-AC185,396,521,125,208,60,835244,665
FL-1078,DEL,BOM,A320,VT-AC102,396,521,125,157,30,726291,767
FL-1079,BOM,BLR,A320,VT-AC155,397,492,95,160,0,730240,929
FL-1080,BLR,PNQ,A321,VT-AC166,397,481,84,215,0,952933,653
FL-1081,DEL,CCU,A321,VT-AC179,398,528,130,216,60,891767,943
FL-1082,DEL,BOM,A320,VT-AC160,398,523,125,160,120,749077,948
FL-1083,DEL,PNQ,A320,VT-AC144,399,519,120,175,90,776994,743
FL-1084,DEL,BOM,A321,VT-AC186,400,525,125,214,90,889572,689
FL-1085,DEL,AMD,ATR72,VT-AC212,401,491,90,60,90,378447,763
FL-1086,DEL,AMD,A320,VT-AC153,401,491,90,162,120,733210,673
FL-1087,DEL,HYD,A320,VT-AC117,401,531,130,154,30,692871,934
FL-1088,HYD,BLR,A321,VT-AC177,402,472,70,202,0,839690,928
FL-1089,BOM,COK,A320,VT-AC106,402,495,93,166,0,722923,785
FL-1090,BOM,PNQ,A321,VT-AC175,403,517,114,188,0,800628,884
FL-1091,BOM,BLR,B737,VT-AC203,404,499,95,161,0,734061,893
FL-1092,BOM,AMD,B737,VT-AC192,405,507,102,183,0,818111,938
FL-1093,BLR,DEL,A320,VT-AC132,405,570,165,151,15,684052,708
FL-1094,BLR,BOM,B737,VT-AC193,405,505,100,159,0,678834,873
FL-1095,BOM,BLR,A321,VT-AC188,405,500,95,190,0,797670,811
FL-1096,BOM,BLR,A320,VT-AC133,406,501,95,159,0,759681,708
FL-1097,HYD,BOM,A320,VT-AC154,406,491,85,170,0,799558,945
FL-1098,HYD,DEL,A321,VT-AC173,406,536,130,205,45,833279,672
FL-1099,BOM,COK,B737,VT-AC194,411,500,89,164,0,685008,827
FL-1100,BOM,BLR,A321,VT-AC183,412,507,95,203,0,898273,663
FL-1101,BOM,DEL,A320,VT-AC130,413,543,130,156,15,710679,699
FL-1102,DEL,HYD,A320,VT-AC157,413,543,130,173,30,727828,740
FL-1103,DEL,BLR,A320,VT-AC123,414,574,160,158,120,751214,876
FL-1104,DEL,BLR,A320,VT-AC111,414,574,160,157,120,755193,770
FL-1105,BOM,CCU,A321,VT-AC162,414,569,155,213,0,834266,755
FL-1106,DEL,MAA,B737,VT-AC207,414,584,170,175,30,768348,844
FL-1107,BOM,BLR,B737,VT-AC209,414,509,95,168,0,771170,697
FL-1108,BLR,CCU,A320,VT-AC121,416,566,150,169,0,754411,876
FL-1109,DEL,GOI,A320,VT-AC128,417,567,150,171,90,820721,767
FL-1110,DEL,MAA,A320,VT-AC159,418,588,170,158,60,683515,718
FL-1111,DEL,HYD,A321,VT-AC182,418,548,130,185,90,861281,702
FL-1112,DEL,BLR,A320,VT-AC150,420,580,160,173,120,820677,778
FL-1113,DEL,BOM,A320,VT-AC148,420,545,125,167,60,817816,752
FL-1114,DEL,BLR,A320,VT-AC124,420,580,160,154,90,710715,846
FL-1115,DEL,AMD,A320,VT-AC120,420,510,90,167,30,807834,751
FL-1116,MAA,BLR,A320,VT-AC158,450,505,55,153,0,714380,857
FL-1117,MAA,AMD,A320,VT-AC141,454,566,112,162,0,793628,752
FL-1118,HYD,CCU,B737,VT-AC202,458,576,118,163,0,760847,896
FL-1119,HYD,BOM,A320,VT-AC140,471,556,85,161,0,694378,720
FL-1120,COK,BLR,A320,VT-AC129,472,537,65,151,0,749953,853
FL-1121,BLR,AMD,A320,VT-AC136,475,603,128,154,0,683224,653
FL-1122,BLR,PNQ,A321,VT-AC164,476,593,117,207,0,904945,895
FL-1123,BOM,MAA,A320,VT-AC131,482,597,115,166,0,810161,675
FL-1124,AMD,BOM,A321,VT-AC189,483,574,91,183,0,794803,881
FL-1125,BOM,GOI,B737,VT-AC200,484,549,65,156,0,747978,683
FL-1126,BLR,GOI,A321,VT-AC181,490,589,99,187,0,887935,790
FL-1127,BLR,COK,A320,VT-AC118,497,562,65,153,0,667443,741
FL-1128,BOM,COK,ATR72,VT-AC220,501,600,99,61,0,381381,826
FL-1129,BOM,DEL,A320,VT-AC103,506,636,130,160,0,716000,792
FL-1130,COK,AMD,A320,VT-AC156,506,603,97,174,0,803707,720
FL-1131,BOM,DEL,A320,VT-AC139,507,637,130,163,0,722007,779
FL-1132,MAA,HYD,A320,VT-AC112,507,582,75,173,0,762660,930
FL-1133,HYD,DEL,ATR72,VT-AC218,507,637,130,60,0,387901,925
FL-1134,DEL,COK,ATR72,VT-AC215,508,698,190,60,60,344977,801
FL-1135,CCU,GOI,A320,VT-AC114,508,599,91,149,0,671989,758
FL-1136,GOI,DEL,A321,VT-AC172,513,668,155,198,0,895805,874
FL-1137,BOM,DEL,A321,VT-AC170,513,643,130,194,0,785243,816
FL-1138,AMD,BOM,ATR72,VT-AC216,517,608,91,70,0,378170,738
FL-1139,BLR,PNQ,A321,VT-AC177,517,620,103,201,0,914891,875
FL-1140,HYD,BOM,A321,VT-AC167,518,603,85,184,0,880008,885
FL-1141,BLR,BOM,A320,VT-AC109,521,621,100,163,0,794076,709
FL-1142,BOM,BLR,ATR72,VT-AC211,522,617,95,59,0,359765,943
FL-1143,BLR,MAA,A321,VT-AC163,522,577,55,201,0,800738,826
FL-1144,BLR,HYD,ATR72,VT-AC219,522,592,70,67,0,367789,949
FL-1145,DEL,AMD,A320,VT-AC107,522,612,90,162,60,700945,676
FL-1146,CCU,PNQ,ATR72,VT-AC214,522,647,125,67,0,394071,761
FL-1147,AMD,MAA,A320,VT-AC115,524,614,90,175,0,725133,663
FL-1148,DEL,BLR,A320,VT-AC138,524,684,160,160,60,666813,838
FL-1149,GOI,DEL,A320,VT-AC135,525,680,155,153,0,690987,824
FL-1150,PNQ,BLR,A321,VT-AC166,526,659,133,204,0,813892,727
FL-1151,BOM,DEL,B737,VT-AC196,530,660,130,163,0,757927,895
FL-1152,AMD,BOM,B737,VT-AC206,530,667,137,169,0,792215,734
FL-1153,DEL,PNQ,B737,VT-AC198,532,652,120,182,60,865503,684
FL-1154,BLR,BOM,A320,VT-AC116,532,632,100,162,0,752699,925
FL-1155,PNQ,BLR,A321,VT-AC171,533,625,92,198,0,805061,653
FL-1156,PNQ,BLR,A320,VT-AC119,534,640,106,165,0,782377,765
FL-1157,DEL,CCU,B737,VT-AC197,534,664,130,179,90,782748,924
FL-1158,DEL,BOM,A320,VT-AC149,535,660,125,149,30,674260,895
FL-1159,BLR,BOM,A320,VT-AC126,536,636,100,159,0,669016,818
FL-1160,AMD,DEL,ATR72,VT-AC212,536,626,90,68,0,420065,799
FL-1161,BOM,DEL,A320,VT-AC154,536,666,130,164,0,697171,844
FL-1162,AMD,DEL,A320,VT-AC153,536,626,90,157,0,711902,883
FL-1163,BLR,BOM,A320,VT-AC155,537,637,100,172,0,794070,785
FL-1164,DEL,AMD,A321,VT-AC184,538,628,90,184,90,817782,728
FL-1165,GOI,MAA,A321,VT-AC165,538,619,81,191,0,904031,946
FL-1166,COK,BOM,A320,VT-AC106,540,662,122,166,0,741919,687
FL-1167,DEL,COK,A321,VT-AC187,540,730,190,212,90,951735,703
FL-1168,BOM,HYD,B737,VT-AC205,540,625,85,178,0,738027,872
FL-1169,BLR,COK,A321,VT-AC169,541,606,65,183,0,775615,880
FL-1170,BOM,HYD,A320,VT-AC152,541,626,85,174,0,777157,773
FL-1171,DEL,BOM,B737,VT-AC208,542,667,125,182,30,854009,902
FL-1172,BLR,GOI,B737,VT-AC203,544,666,122,165,0,717625,737
FL-1173,COK,GOI,B737,VT-AC194,545,635,90,174,0,840860,821
FL-1174,BLR,COK,A321,VT-AC188,545,610,65,206,0,930386,812
FL-1175,BLR,GOI,A320,VT-AC133,546,667,121,172,0,776263,760
FL-1176,MAA,AMD,ATR72,VT-AC213,547,662,115,69,0,417102,897
FL-1177,BLR,PNQ,A320,VT-AC158,550,662,112,157,0,702744,698
FL-1178,BOM,PNQ,B737,VT-AC193,550,661,111,174,0,731049,937
FL-1179,CCU,BOM,A320,VT-AC101,550,710,160,172,0,830700,693
FL-1180,BLR,GOI,A321,VT-AC183,552,674,122,213,0,866607,910
FL-1181,AMD,COK,B737,VT-AC192,552,685,133,184,0,868575,902
FL-1182,BOM,DEL,ATR72,VT-AC217,553,683,130,66,0,386272,937
FL-1183,BLR,BOM,B737,VT-AC209,554,654,100,160,0,713299,883
FL-1184,AMD,BLR,A320,VT-AC120,555,669,114,154,0,661155,786
FL-1185,MAA,BLR,A320,VT-AC127,555,610,55,160,0,747355,888
FL-1186,CCU,BOM,A320,VT-AC137,556,716,160,152,0,698474,708
FL-1187,BLR,CCU,A321,VT-AC168,562,712,150,188,0,879504,658
FL-1188,PNQ,DEL,A321,VT-AC175,562,682,120,212,0,917900,810
FL-1189,HYD,BOM,A321,VT-AC174,563,648,85,183,0,839658,661
FL-1190,BLR,DEL,A320,VT-AC142,563,728,165,174,0,772565,721
FL-1191,PNQ,AMD,A320,VT-AC144,564,648,84,168,0,814420,668
FL-1192,BOM,CCU,A320,VT-AC102,566,721,155,149,0,702027,767
FL-1193,BOM,BLR,A321,VT-AC185,566,661,95,191,0,770959,945
FL-1194,CCU,HYD,A321,VT-AC176,567,702,135,194,0,772287,719
FL-1195,BOM,HYD,A320,VT-AC160,568,653,85,162,0,773206,882
FL-1196,MAA,CCU,A320,VT-AC146,568,708,140,160,0,789372,742
FL-1197,BOM,CCU,A321,VT-AC186,570,725,155,199,0,930389,741
FL-1198,BLR,MAA,B737,VT-AC201,571,626,55,161,0,749124,912
FL-1199,BLR,DEL,B737,VT-AC195,572,737,165,171,0,820063,697
FL-1200,BLR,COK,A320,VT-AC134,572,637,65,156,0,662129,909
FL-1201,CCU,BOM,A321,VT-AC179,573,733,160,200,0,934024,698
FL-1202,HYD,AMD,A320,VT-AC117,576,700,124,161,0,756885,879
FL-1203,DEL,BOM,B737,VT-AC210,576,701,125,175,0,817454,945
FL-1204,BLR,DEL,A321,VT-AC161,577,742,165,194,0,798499,925
FL-1205,CCU,BLR,B737,VT-AC204,577,732,155,157,0,764111,906
FL-1206,COK,BLR,A321,VT-AC190,580,645,65,206,0,837678,759
FL-1207,DEL,CCU,A321,VT-AC173,581,711,130,206,0,875057,819
FL-1208,BLR,COK,A320,VT-AC129,582,647,65,163,0,683375,852
FL-1209,BOM,BLR,B737,VT-AC199,587,682,95,173,0,797824,855
FL-1210,GOI,BLR,B737,VT-AC191,587,668,81,182,0,845755,679
FL-1211,HYD,COK,A320,VT-AC157,588,670,82,176,0,769096,903
FL-1212,DEL,BLR,A320,VT-AC130,588,748,160,151,0,688000,926
FL-1213,BLR,GOI,A320,VT-AC113,588,705,117,174,0,709518,944
FL-1214,BOM,DEL,A320,VT-AC148,590,720,130,149,0,647380,877
FL-1215,MAA,COK,A320,VT-AC108,590,717,127,152,0,749473,733
FL-1216,HYD,BOM,A321,VT-AC182,593,678,85,192,0,823185,718
FL-1217,GOI,BOM,B737,VT-AC200,594,659,65,167,0,788676,918
FL-1218,BOM,GOI,A320,VT-AC125,596,661,65,154,0,689982,860
FL-1219,BOM,DEL,A320,VT-AC140,601,731,130,171,0,711036,926
FL-1220,MAA,BLR,A321,VT-AC180,602,657,55,193,0,767981,697
FL-1221,COK,BOM,A320,VT-AC118,607,732,125,162,0,703950,677
FL-1222,MAA,BOM,A320,VT-AC151,608,728,120,167,0,705519,862
FL-1223,MAA,HYD,A320,VT-AC143,608,683,75,164,0,699375,693
FL-1224,CCU,GOI,A320,VT-AC121,611,702,91,176,0,774572,901
FL-1225,COK,DEL,A320,VT-AC147,611,806,195,166,0,729293,940
FL-1226,AMD,PNQ,A320,VT-AC141,611,699,88,172,0,707579,896
FL-1227,GOI,HYD,A320,VT-AC128,612,714,102,153,0,662872,778
FL-1228,CCU,DEL,A321,VT-AC162,614,754,140,183,0,823115,674
FL-1229,COK,HYD,A320,VT-AC104,614,725,111,152,0,672479,679
FL-1230,DEL,AMD,A320,VT-AC132,615,705,90,160,0,708340,705
FL-1231,BLR,AMD,A320,VT-AC123,619,712,93,155,0,662245,797
FL-1232,BOM,CCU,A321,VT-AC189,619,774,155,190,0,828230,721
FL-1233,BLR,MAA,A320,VT-AC111,619,674,55,170,0,714040,673
FL-1234,COK,CCU,A320,VT-AC110,620,719,99,162,0,754829,817
FL-1235,CCU,DEL,B737,VT-AC202,621,761,140,174,0,826719,783
FL-1236,MAA,COK,A321,VT-AC163,622,744,122,195,0,855816,863
FL-1237,BLR,DEL,A320,VT-AC150,625,790,165,155,0,723502,923
FL-1238,BLR,DEL,A320,VT-AC124,625,790,165,162,0,782360,685
FL-1239,HYD,BLR,A320,VT-AC112,627,697,70,169,0,754975,782
FL-1240,MAA,DEL,B737,VT-AC207,629,804,175,169,0,711502,654
FL-1241,MAA,BLR,A320,VT-AC159,633,688,55,169,0,772695,862
FL-1242,GOI,DEL,A321,VT-AC181,634,789,155,190,0,814520,734
FL-1243,HYD,DEL,ATR72,VT-AC219,637,767,130,59,0,382603,704
FL-1244,PNQ,BOM,A321,VT-AC164,638,776,138,193,0,915363,657
FL-1245,MAA,AMD,A320,VT-AC131,642,737,95,176,0,824006,755
FL-1246,GOI,BLR,A320,VT-AC114,644,745,101,169,0,742057,865
FL-1247,COK,BOM,ATR72,VT-AC220,645,782,137,66,0,388262,732
FL-1248,AMD,BLR,A320,VT-AC136,648,755,107,152,0,682633,767
FL-1249,AMD,DEL,A320,VT-AC156,648,738,90,164,0,706610,921
FL-1250,BOM,CCU,A321,VT-AC167,648,803,155,190,0,861974,691
FL-1251,COK,BLR,A321,VT-AC169,651,716,65,201,0,853568,745
FL-1252,BOM,AMD,ATR72,VT-AC216,653,740,87,63,0,373196,934
FL-1253,BLR,GOI,A320,VT-AC127,655,778,123,163,0,681231,826
FL-1254,COK,BLR,A321,VT-AC188,655,720,65,184,0,768639,949
FL-1255,AMD,DEL,A320,VT-AC107,657,747,90,171,0,703231,820
FL-1256,MAA,GOI,A320,VT-AC115,659,775,116,167,0,812411,853
FL-1257,BLR,BOM,ATR72,VT-AC211,662,762,100,64,0,370982,904
FL-1258,MAA,CCU,A321,VT-AC165,664,804,140,187,0,797747,844
FL-1259,PNQ,BLR,A321,VT-AC177,665,772,107,185,0,864850,776
FL-1260,BOM,GOI,A320,VT-AC109,666,731,65,152,0,753444,785
FL-1261,BLR,COK,A321,VT-AC171,670,735,65,211,0,889325,818
FL-1262,HYD,CCU,B737,VT-AC205,670,775,105,167,0,748180,652
FL-1263,MAA,DEL,B737,VT-AC201,671,846,175,184,0,839219,892
FL-1264,DEL,CCU,ATR72,VT-AC212,671,801,130,67,0,366853,734
FL-1265,DEL,BOM,A320,VT-AC153,671,796,125,162,0,710904,813
FL-1266,HYD,BOM,A320,VT-AC152,671,756,85,149,0,660337,890
FL-1267,AMD,BOM,A321,VT-AC184,673,772,99,184,0,874360,729
FL-1268,BOM,PNQ,A320,VT-AC116,677,786,109,160,0,755571,787
FL-1269,GOI,BLR,B737,VT-AC194,680,776,96,161,0,754481,829
FL-1270,DEL,HYD,A320,VT-AC103,681,811,130,174,0,768483,931
FL-1271,BOM,GOI,A320,VT-AC126,681,746,65,162,0,792056,899
FL-1272,DEL,AMD,A320,VT-AC139,682,772,90,175,0,794378,726
FL-1273,COK,BOM,A320,VT-AC134,682,804,122,161,0,774329,829
FL-1274,DEL,HYD,ATR72,VT-AC218,682,812,130,59,0,370439,759
FL-1275,BOM,CCU,A320,VT-AC155,682,837,155,175,0,749060,802
FL-1276,BLR,PNQ,A320,VT-AC119,685,789,104,160,0,718668,869
FL-1277,DEL,GOI,A321,VT-AC170,688,838,150,192,0,823966,693
FL-1278,BLR,GOI,A321,VT-AC190,690,787,97,191,0,896187,667
FL-1279,PNQ,BOM,ATR72,VT-AC214,692,811,119,67,0,401202,717
FL-1280,COK,DEL,A320,VT-AC129,692,887,195,151,0,677725,784
FL-1281,AMD,BOM,A320,VT-AC144,693,775,82,170,0,814467,811
FL-1282,BOM,GOI,A321,VT-AC174,693,758,65,185,0,860407,774
FL-1283,PNQ,DEL,B737,VT-AC198,697,817,120,166,0,724509,791
FL-1284,HYD,DEL,A320,VT-AC160,698,828,130,160,0,669390,886
FL-1285,BOM,BLR,B737,VT-AC209,699,794,95,175,0,776954,865
FL-1286,BLR,AMD,A321,VT-AC180,702,811,109,204,0,916597,682
FL-1287,BLR,DEL,A321,VT-AC166,704,869,165,198,0,793175,897
FL-1288,BOM,GOI,B737,VT-AC200,704,769,65,160,0,774023,752
FL-1289,BOM,HYD,A320,VT-AC149,705,790,85,159,0,731927,714
FL-1290,DEL,BOM,B737,VT-AC196,705,830,125,161,0,747398,691
FL-1291,BLR,MAA,A321,VT-AC185,706,761,55,198,0,840643,905
FL-1292,PNQ,CCU,B737,VT-AC193,706,845,139,173,0,752984,739
FL-1293,GOI,DEL,A320,VT-AC125,706,861,155,161,0,782849,845
FL-1294,BOM,DEL,A320,VT-AC106,707,837,130,176,0,853450,687
FL-1295,AMD,GOI,ATR72,VT-AC213,707,836,129,69,0,380581,946
FL-1296,PNQ,DEL,A320,VT-AC158,707,827,120,161,0,785734,653
FL-1297,CCU,MAA,B737,VT-AC197,709,844,135,169,0,809999,893
FL-1298,GOI,AMD,B737,VT-AC203,711,847,136,171,0,737389,891
FL-1299,DEL,BOM,A320,VT-AC154,711,836,125,154,0,713340,706
FL-1300,GOI,BLR,A320,VT-AC133,712,848,136,154,0,684556,882
FL-1301,BOM,COK,B737,VT-AC206,712,850,138,179,0,725538,764
FL-1302,BOM,DEL,B737,VT-AC208,712,842,130,178,0,730286,701
FL-1303,DEL,PNQ,A321,VT-AC172,713,833,120,206,0,944165,859
FL-1304,BLR,PNQ,B737,VT-AC191,713,823,110,170,0,798290,769
FL-1305,BLR,PNQ,A320,VT-AC120,714,798,84,149,0,721281,941
FL-1306,COK,DEL,A320,VT-AC157,715,910,195,175,0,839645,669
FL-1307,GOI,DEL,A321,VT-AC183,719,874,155,192,0,772781,772
FL-1308,MAA,BOM,A320,VT-AC111,719,839,120,165,0,779440,883
FL-1309,BOM,MAA,A321,VT-AC182,723,838,115,187,0,827764,654
FL-1310,DEL,BOM,A320,VT-AC135,725,850,125,168,0,792006,940
FL-1311,BLR,DEL,B737,VT-AC199,727,892,165,181,0,829186,675
FL-1312,DEL,CCU,A321,VT-AC175,727,857,130,195,0,791820,830
FL-1313,DEL,PNQ,ATR72,VT-AC217,728,848,120,59,0,370373,878
FL-1314,HYD,BLR,A320,VT-AC143,728,798,70,149,0,689506,909
FL-1315,BLR,PNQ,A320,VT-AC138,729,813,84,166,0,810994,696
FL-1316,COK,BLR,B737,VT-AC192,730,795,65,169,0,703002,769
FL-1317,BLR,AMD,A320,VT-AC159,733,871,138,161,0,734432,761
FL-1318,BLR,AMD,A320,VT-AC112,742,875,133,165,0,779087,916
FL-1319,COK,BOM,ATR72,VT-AC215,743,857,114,59,0,377222,702
FL-1320,PNQ,GOI,A320,VT-AC141,744,859,115,174,0,805827,914
FL-1321,AMD,MAA,A320,VT-AC117,745,830,85,156,0,699669,774
FL-1322,BOM,AMD,B737,VT-AC210,746,840,94,184,0,837401,823
FL-1323,HYD,DEL,A321,VT-AC176,747,877,130,216,0,928539,903
FL-1324,GOI,COK,A320,VT-AC121,747,857,110,157,0,694263,703
FL-1325,GOI,BOM,A320,VT-AC113,750,815,65,174,0,748366,849
FL-1326,AMD,BLR,A320,VT-AC132,750,844,94,174,0,712836,916
FL-1327,CCU,BLR,A320,VT-AC146,753,908,155,150,0,669350,801
FL-1328,BOM,AMD,A320,VT-AC101,755,887,132,149,0,717463,714
FL-1329,CCU,COK,A321,VT-AC173,756,863,107,185,0,756593,763
FL-1330,AMD,BLR,A320,VT-AC123,757,881,124,161,0,668918,772
FL-1331,CCU,COK,A321,VT-AC168,757,874,117,187,0,871175,853
FL-1332,HYD,MAA,A320,VT-AC128,759,834,75,169,0,782851,720
FL-1333,BOM,HYD,A320,VT-AC137,761,846,85,173,0,751953,725
FL-1334,BLR,MAA,A321,VT-AC169,761,816,55,195,0,894458,801
FL-1335,COK,GOI,A320,VT-AC108,762,893,131,152,0,686535,741
FL-1336,CCU,BLR,A320,VT-AC110,764,919,155,163,0,696615,844
FL-1337,BLR,DEL,A321,VT-AC188,765,930,165,187,0,818121,858
FL-1338,DEL,COK,A320,VT-AC148,765,955,190,167,0,797361,813
FL-1339,CCU,DEL,A320,VT-AC102,766,906,140,172,0,710149,771
FL-1340,HYD,BLR,A320,VT-AC104,770,840,70,149,0,664181,675
FL-1341,CCU,BOM,A321,VT-AC186,770,930,160,216,0,1006064,685
FL-1342,DEL,AMD,A320,VT-AC142,773,863,90,160,0,662672,690
FL-1343,BOM,HYD,A320,VT-AC151,773,858,85,157,0,670444,813
FL-1344,COK,BOM,A321,VT-AC187,775,870,95,196,0,927913,722
FL-1345,DEL,PNQ,A320,VT-AC140,776,896,120,162,0,754186,717
FL-1346,GOI,DEL,A320,VT-AC109,776,931,155,160,0,755253,810
FL-1347,BOM,CCU,A320,VT-AC118,777,932,155,174,0,795591,901
FL-1348,BLR,DEL,B737,VT-AC204,777,942,165,166,0,720821,677
FL-1349,BOM,DEL,A321,VT-AC179,778,908,130,209,0,972418,791
FL-1350,COK,BLR,A321,VT-AC171,780,845,65,211,0,970285,719
FL-1351,AMD,DEL,A320,VT-AC131,782,872,90,163,0,748064,769
FL-1352,DEL,BLR,B737,VT-AC195,782,942,160,181,0,831212,870
FL-1353,DEL,BOM,A320,VT-AC156,783,908,125,149,0,676065,891
FL-1354,AMD,BOM,ATR72,VT-AC216,785,875,90,65,0,371260,819
FL-1355,DEL,BLR,A321,VT-AC161,787,947,160,207,0,849277,651
FL-1356,COK,BLR,A321,VT-AC163,789,854,65,195,0,891688,892
FL-1357,BLR,BOM,A320,VT-AC114,790,890,100,161,0,761674,676
FL-1358,GOI,PNQ,A320,VT-AC126,791,873,82,165,0,708989,797
FL-1359,DEL,PNQ,A320,VT-AC107,792,912,120,175,0,732621,876
FL-1360,BLR,BOM,A320,VT-AC130,793,893,100,168,0,806599,700
FL-1361,DEL,BLR,A321,VT-AC162,799,959,160,196,0,813944,761
FL-1362,BLR,HYD,A320,VT-AC136,800,870,70,166,0,728233,853
FL-1363,BOM,BLR,A320,VT-AC152,801,896,95,171,0,756150,785
FL-1364,GOI,BLR,A321,VT-AC174,803,918,115,187,0,832153,886
FL-1365,MAA,PNQ,A321,VT-AC185,806,896,90,195,0,813798,702
FL-1366,DEL,MAA,B737,VT-AC202,806,976,170,181,0,772464,726
FL-1367,BOM,AMD,ATR72,VT-AC211,807,888,81,60,0,361792,935
FL-1368,DEL,BLR,ATR72,VT-AC219,812,972,160,62,0,352690,874
FL-1369,GOI,AMD,B737,VT-AC200,814,909,95,155,0,652269,834
FL-1370,BOM,HYD,A321,VT-AC184,817,902,85,202,0,919737,683
FL-1371,BLR,BOM,A321,VT-AC177,817,917,100,198,0,838814,694
FL-1372,AMD,BOM,A320,VT-AC139,817,934,117,166,0,802943,808
FL-1373,CCU,DEL,A321,VT-AC189,819,959,140,211,0,991057,716
FL-1374,CCU,DEL,B737,VT-AC205,820,960,140,177,0,850929,814
FL-1375,BOM,COK,A320,VT-AC144,820,932,112,159,0,762519,892
FL-1376,GOI,COK,A320,VT-AC115,820,912,92,149,0,709121,774
FL-1377,BOM,DEL,A321,VT-AC164,821,951,130,216,0,861472,895
FL-1378,BLR,BOM,B737,VT-AC194,821,921,100,176,0,719979,874
FL-1379,GOI,COK,A320,VT-AC127,823,922,99,166,0,737548,778
FL-1380,BOM,DEL,ATR72,VT-AC220,827,957,130,68,0,378171,742
FL-1381,PNQ,BOM,A320,VT-AC116,831,926,95,171,0,709055,880
FL-1382,GOI,HYD,A321,VT-AC190,832,951,119,190,0,802855,860
FL-1383,DEL,BOM,A321,VT-AC181,834,959,125,192,0,871834,769
FL-1384,PNQ,BOM,A320,VT-AC119,834,953,119,149,0,741244,700
FL-1385,HYD,COK,A320,VT-AC149,835,956,121,149,0,682327,914
FL-1386,DEL,BOM,A320,VT-AC150,835,960,125,152,0,750899,728
FL-1387,DEL,BLR,A320,VT-AC124,835,995,160,172,0,747166,909
FL-1388,BLR,MAA,B737,VT-AC209,839,894,55,160,0,678961,680
FL-1389,BLR,CCU,B737,VT-AC192,840,990,150,170,0,694092,753
FL-1390,BOM,DEL,A320,VT-AC153,841,971,130,168,0,727817,822
FL-1391,BLR,PNQ,A320,VT-AC143,843,955,112,163,0,722515,890
FL-1392,PNQ,GOI,A320,VT-AC120,843,951,108,151,0,716392,856
FL-1393,CCU,BLR,ATR72,VT-AC212,846,1001,155,67,0,403075,704
FL-1394,CCU,HYD,A321,VT-AC167,848,982,134,205,0,811196,857
FL-1395,DEL,BLR,B737,VT-AC207,849,1009,160,158,0,721367,720
FL-1396,BOM,PNQ,A320,VT-AC134,849,952,103,150,0,663428,765
FL-1397,CCU,BLR,A321,VT-AC165,849,1004,155,199,0,891013,822
FL-1398,DEL,BOM,A320,VT-AC147,851,976,125,167,0,811162,840
FL-1399,HYD,DEL,A320,VT-AC103,856,986,130,176,0,830912,697
FL-1400,BOM,COK,ATR72,VT-AC214,856,977,121,70,0,383957,927
FL-1401,AMD,MAA,A321,VT-AC180,856,961,105,189,0,819762,758
FL-1402,HYD,PNQ,ATR72,VT-AC218,857,964,107,68,0,378783,872
FL-1403,PNQ,HYD,A320,VT-AC138,858,970,112,158,0,728953,671
FL-1404,BOM,GOI,A320,VT-AC113,860,925,65,159,0,753883,929
FL-1405,MAA,AMD,A321,VT-AC169,861,986,125,184,0,778245,844
FL-1406,DEL,HYD,B737,VT-AC198,862,992,130,181,0,843092,950
FL-1407,PNQ,COK,B737,VT-AC191,868,954,86,162,0,699653,923
FL-1408,DEL,BLR,A320,VT-AC158,872,1032,160,160,0,696175,818
FL-1409,DEL,MAA,A320,VT-AC160,873,1043,170,168,0,740815,651
FL-1410,MAA,BOM,A320,VT-AC117,875,995,120,158,0,725558,826
FL-1411,BOM,HYD,B737,VT-AC196,875,960,85,164,0,726947,900
FL-1412,PNQ,CCU,A321,VT-AC172,878,966,88,204,0,842297,728
FL-1413,MAA,HYD,A320,VT-AC128,879,954,75,165,0,683203,875
FL-1414,GOI,DEL,ATR72,VT-AC213,881,1036,155,60,0,360595,814
FL-1415,BOM,DEL,A320,VT-AC154,881,1011,130,156,0,668098,754
FL-1416,DEL,HYD,A320,VT-AC106,882,1012,130,155,0,761724,685
FL-1417,CCU,BOM,A320,VT-AC155,882,1042,160,169,0,786102,900
FL-1418,GOI,CCU,A321,VT-AC170,883,998,115,214,0,1002263,942
FL-1419,MAA,HYD,A321,VT-AC182,883,958,75,197,0,894255,727
FL-1420,BOM,BLR,A320,VT-AC111,884,979,95,164,0,769046,846
FL-1421,AMD,BLR,B737,VT-AC210,885,1009,124,176,0,726610,777
FL-1422,BLR,CCU,A320,VT-AC104,885,1035,150,174,0,780732,679
FL-1423,DEL,GOI,B737,VT-AC208,887,1037,150,161,0,792540,801
FL-1424,BLR,BOM,A320,VT-AC132,889,989,100,175,0,718515,895
FL-1425,MAA,BOM,B737,VT-AC197,889,1009,120,182,0,836402,907
FL-1426,CCU,BOM,B737,VT-AC193,890,1050,160,175,0,727828,650
FL-1427,BLR,BOM,A321,VT-AC171,890,990,100,215,0,872546,810
FL-1428,HYD,BOM,A320,VT-AC137,891,976,85,154,0,664175,728
FL-1429,DEL,GOI,B737,VT-AC201,891,1041,150,160,0,764510,764
FL-1430,AMD,DEL,B737,VT-AC203,892,982,90,176,0,791911,743
FL-1431,BLR,BOM,A320,VT-AC133,893,993,100,150,0,681211,780
FL-1432,PNQ,BOM,ATR72,VT-AC217,893,1014,121,66,0,393995,670
FL-1433,BOM,CCU,A320,VT-AC135,895,1050,155,149,0,645563,675
FL-1434,COK,CCU,B737,VT-AC206,895,983,88,161,0,668022,908
FL-1435,BLR,BOM,A321,VT-AC163,899,999,100,192,0,873083,887
FL-1436,CCU,PNQ,A321,VT-AC175,902,1021,119,188,0,852907,802
FL-1437,COK,AMD,A320,VT-AC121,902,1003,101,159,0,721823,855
FL-1438,BOM,MAA,ATR72,VT-AC215,902,1017,115,67,0,410755,937
FL-1439,HYD,AMD,A320,VT-AC151,903,1038,135,157,0,702478,839
FL-1440,GOI,AMD,A320,VT-AC141,904,1002,98,150,0,649237,880
FL-1441,DEL,BLR,A320,VT-AC125,906,1066,160,170,0,782674,727
FL-1442,COK,BLR,A321,VT-AC173,908,973,65,201,0,903776,763
FL-1443,AMD,DEL,A320,VT-AC142,908,998,90,171,0,772276,920
FL-1444,DEL,MAA,A321,VT-AC166,914,1084,170,182,0,812719,656
FL-1445,HYD,PNQ,A320,VT-AC136,915,997,82,160,0,720848,689
FL-1446,BOM,AMD,A321,VT-AC187,915,1000,85,183,0,769487,916
FL-1447,AMD,MAA,A320,VT-AC159,916,1039,123,169,0,808847,691
FL-1448,DEL,BLR,A320,VT-AC131,917,1077,160,170,0,775053,791
FL-1449,PNQ,COK,A320,VT-AC126,918,1045,127,150,0,747400,701
FL-1450,DEL,HYD,A321,VT-AC183,919,1049,130,190,0,854988,686
FL-1451,COK,PNQ,A321,VT-AC168,919,1018,99,187,0,784374,849
FL-1452,AMD,BLR,A320,VT-AC112,920,1015,95,155,0,655607,796
FL-1453,BOM,HYD,ATR72,VT-AC216,920,1005,85,60,0,349377,815
FL-1454,DEL,BLR,A321,VT-AC176,922,1082,160,196,0,908895,900
FL-1455,BLR,AMD,A320,VT-AC123,926,1025,99,163,0,743613,697
FL-1456,AMD,DEL,A320,VT-AC101,932,1022,90,174,0,729785,920
FL-1457,DEL,CCU,A320,VT-AC129,932,1062,130,165,0,727034,769
FL-1458,AMD,BLR,ATR72,VT-AC211,933,1065,132,60,0,371001,805
FL-1459,BOM,COK,A320,VT-AC114,935,1037,102,154,0,651253,670
FL-1460,DEL,AMD,B737,VT-AC199,937,1027,90,163,0,720166,822
FL-1461,GOI,MAA,A320,VT-AC108,938,1039,101,170,0,749992,777
FL-1462,BOM,PNQ,A320,VT-AC130,938,1057,119,159,0,779833,666
FL-1463,MAA,COK,B737,VT-AC209,939,1073,134,159,0,711718,897
FL-1464,PNQ,GOI,A321,VT-AC185,941,1064,123,207,0,850223,910
FL-1465,BLR,AMD,A320,VT-AC152,941,1069,128,159,0,664554,676
FL-1466,PNQ,BLR,A320,VT-AC140,941,1030,89,152,0,737491,734
FL-1467,HYD,BOM,A321,VT-AC184,947,1032,85,207,0,952575,679
FL-1468,DEL,BLR,A320,VT-AC102,951,1111,160,153,0,655794,942
FL-1469,BLR,BOM,A320,VT-AC146,953,1053,100,168,0,709997,877
FL-1470,BOM,DEL,A320,VT-AC156,953,1083,130,151,0,749713,730
FL-1471,DEL,GOI,A321,VT-AC179,953,1103,150,206,0,831067,724
FL-1472,AMD,CCU,B737,VT-AC200,954,1051,97,166,0,742848,853
FL-1473,DEL,BOM,A320,VT-AC157,955,1080,125,164,0,796613,821
FL-1474,PNQ,BLR,A320,VT-AC107,957,1064,107,163,0,686188,726
FL-1475,COK,DEL,A320,VT-AC115,957,1152,195,156,0,734595,711
FL-1476,BOM,BLR,A321,VT-AC177,962,1057,95,209,0,858417,829
FL-1477,BLR,BOM,A321,VT-AC174,963,1063,100,204,0,833218,871
FL-1478,BLR,MAA,A320,VT-AC110,964,1019,55,152,0,705603,857
FL-1479,BOM,AMD,B737,VT-AC194,966,1056,90,181,0,800598,843
FL-1480,COK,BLR,A320,VT-AC127,967,1032,65,153,0,686686,897
FL-1481,GOI,MAA,A320,VT-AC113,970,1107,137,153,0,666457,873
FL-1482,BOM,BLR,A320,VT-AC116,971,1066,95,164,0,762466,822
FL-1483,DEL,BOM,A321,VT-AC188,975,1100,125,216,0,877079,807
FL-1484,BOM,GOI,A321,VT-AC186,975,1040,65,192,0,894168,817
FL-1485,DEL,BLR,A320,VT-AC109,976,1136,160,150,0,737940,747
FL-1486,COK,BOM,A320,VT-AC144,977,1105,128,166,0,719195,674
FL-1487,CCU,DEL,A320,VT-AC118,977,1117,140,164,0,736384,875
FL-1488,BOM,COK,A320,VT-AC139,979,1103,124,166,0,698324,693
FL-1489,DEL,GOI,B737,VT-AC204,987,1137,150,159,0,684277,859
FL-1490,BLR,COK,B737,VT-AC195,987,1052,65,173,0,763693,677
FL-1491,BLR,AMD,A321,VT-AC161,992,1091,99,198,0,897504,867
FL-1492,GOI,COK,A320,VT-AC120,996,1108,112,163,0,728683,670
FL-1493,DEL,GOI,A321,VT-AC164,996,1146,150,203,0,832812,772
FL-1494,HYD,GOI,A321,VT-AC190,996,1106,110,184,0,779983,720
FL-1495,PNQ,AMD,A320,VT-AC134,997,1131,134,163,0,771673,935
FL-1496,BOM,COK,A320,VT-AC119,998,1091,93,165,0,712933,691
FL-1497,HYD,DEL,A320,VT-AC128,999,1129,130,168,0,699713,801
FL-1498,COK,AMD,B737,VT-AC191,999,1137,138,177,0,824589,762
FL-1499,COK,CCU,A320,VT-AC148,1000,1125,125,149,0,691426,803
FL-1500,PNQ,DEL,A320,VT-AC143,1000,1120,120,175,0,745511,658
FL-1501,COK,BOM,A320,VT-AC149,1001,1137,136,171,0,772618,950
FL-1502,DEL,MAA,ATR72,VT-AC220,1002,1172,170,68,0,413915,931
FL-1503,HYD,GOI,A321,VT-AC182,1003,1122,119,206,0,950921,694
FL-1504,BLR,AMD,A321,VT-AC162,1004,1133,129,184,0,812973,798
FL-1505,DEL,BOM,A321,VT-AC189,1004,1129,125,195,0,872326,693
FL-1506,BOM,BLR,A321,VT-AC181,1004,1099,95,207,0,812579,894
FL-1507,BOM,DEL,A320,VT-AC150,1005,1135,130,168,0,768930,938
FL-1508,DEL,AMD,B737,VT-AC205,1005,1095,90,160,0,748623,777
FL-1509,HYD,GOI,B737,VT-AC196,1005,1101,96,157,0,720742,744
FL-1510,MAA,BLR,A321,VT-AC180,1006,1061,55,211,0,882213,945
FL-1511,PNQ,HYD,ATR72,VT-AC218,1009,1149,140,59,0,371181,662
FL-1512,CCU,MAA,A321,VT-AC172,1011,1146,135,195,0,844054,895
FL-1513,HYD,BLR,A320,VT-AC138,1015,1085,70,164,0,699497,893
FL-1514,DEL,HYD,A320,VT-AC153,1016,1146,130,162,0,760252,803
FL-1515,BLR,BOM,ATR72,VT-AC219,1017,1117,100,66,0,386226,923
FL-1516,BLR,BOM,A321,VT-AC173,1018,1118,100,198,0,891241,906
FL-1517,BOM,BLR,A320,VT-AC147,1021,1116,95,164,0,744265,853
FL-1518,MAA,BLR,B737,VT-AC202,1021,1076,55,182,0,849670,856
FL-1519,BOM,AMD,A320,VT-AC137,1021,1142,121,149,0,740194,902
FL-1520,COK,CCU,ATR72,VT-AC214,1022,1122,100,67,0,405177,937
FL-1521,BLR,HYD,A320,VT-AC111,1024,1094,70,151,0,716264,704
FL-1522,HYD,BOM,A321,VT-AC167,1027,1112,85,198,0,884460,737
FL-1523,DEL,COK,B737,VT-AC203,1027,1217,190,165,0,689787,831
FL-1524,CCU,DEL,B737,VT-AC206,1028,1168,140,176,0,824731,842
FL-1525,AMD,CCU,A321,VT-AC169,1031,1151,120,187,0,806687,834
FL-1526,DEL,COK,A320,VT-AC103,1031,1221,190,154,0,692870,896
FL-1527,BOM,GOI,A320,VT-AC132,1034,1099,65,167,0,749899,877
FL-1528,CCU,PNQ,B737,VT-AC192,1035,1136,101,176,0,842564,815
FL-1529,BOM,DEL,A321,VT-AC171,1035,1165,130,216,0,891562,901
FL-1530,HYD,BLR,B737,VT-AC198,1037,1107,70,158,0,674514,940
FL-1531,BOM,BLR,A320,VT-AC133,1038,1133,95,167,0,747762,696
FL-1532,BLR,BOM,A320,VT-AC124,1040,1140,100,155,0,683020,950
FL-1533,BOM,BLR,A320,VT-AC117,1040,1135,95,163,0,717476,882
FL-1534,PNQ,AMD,A320,VT-AC136,1042,1158,116,159,0,710242,863
FL-1535,DEL,BLR,A320,VT-AC142,1043,1203,160,155,0,683342,674
FL-1536,CCU,BLR,A321,VT-AC170,1043,1198,155,195,0,795659,804
FL-1537,BOM,GOI,A321,VT-AC163,1044,1109,65,196,0,842508,921
FL-1538,AMD,BLR,A321,VT-AC187,1045,1182,137,195,0,926030,693
FL-1539,BLR,BOM,ATR72,VT-AC212,1046,1146,100,61,0,390594,851
FL-1540,AMD,GOI,A320,VT-AC141,1047,1136,89,171,0,709746,763
FL-1541,AMD,PNQ,A320,VT-AC121,1048,1163,115,148,0,634026,779
FL-1542,BLR,BOM,A321,VT-AC165,1049,1149,100,199,0,901990,901
FL-1543,HYD,BLR,ATR72,VT-AC216,1050,1120,70,69,0,404781,804
FL-1544,BOM,CCU,B737,VT-AC197,1054,1209,155,179,0,819822,725
FL-1545,BLR,BOM,B737,VT-AC207,1054,1154,100,158,0,746452,710
FL-1546,BLR,HYD,B737,VT-AC210,1054,1124,70,175,0,763882,935
FL-1547,DEL,BLR,A320,VT-AC154,1056,1216,160,165,0,740251,681
FL-1548,HYD,GOI,A320,VT-AC106,1057,1160,103,155,0,700334,928
FL-1549,BOM,MAA,ATR72,VT-AC217,1059,1174,115,63,0,391728,708
FL-1550,BLR,BOM,A320,VT-AC112,1060,1160,100,156,0,716610,720
FL-1551,MAA,BOM,ATR72,VT-AC215,1062,1182,120,68,0,411055,797
FL-1552,PNQ,CCU,A321,VT-AC168,1063,1177,114,193,0,884266,721
FL-1553,MAA,BLR,A320,VT-AC110,1064,1119,55,156,0,675430,946
FL-1554,PNQ,GOI,A321,VT-AC175,1066,1183,117,185,0,761824,710
FL-1555,DEL,GOI,A320,VT-AC101,1067,1217,150,175,0,840047,752
FL-1556,AMD,BOM,A320,VT-AC123,1070,1203,133,173,0,767464,710
FL-1557,AMD,PNQ,B737,VT-AC199,1072,1171,99,164,0,785381,700
FL-1558,BLR,AMD,A320,VT-AC140,1075,1157,82,159,0,744833,771
FL-1559,BOM,BLR,A321,VT-AC184,1077,1172,95,197,0,851851,678
FL-1560,BLR,BOM,A320,VT-AC158,1077,1177,100,164,0,709115,834
FL-1561,BLR,DEL,A320,VT-AC127,1077,1242,165,164,0,750215,801
FL-1562,CCU,COK,A320,VT-AC104,1080,1165,85,172,0,709828,684
FL-1563,DEL,HYD,ATR72,VT-AC213,1081,1211,130,63,0,382293,777
FL-1564,GOI,BOM,B737,VT-AC208,1082,1147,65,157,0,674342,670
FL-1565,COK,MAA,A320,VT-AC114,1082,1222,140,154,0,746192,728
FL-1566,AMD,BLR,A320,VT-AC151,1083,1169,86,156,0,707415,786
FL-1567,MAA,BLR,A320,VT-AC159,1084,1139,55,167,0,694834,938
FL-1568,MAA,BOM,A320,VT-AC108,1084,1204,120,167,0,735507,669
FL-1569,GOI,DEL,A321,VT-AC186,1085,1240,155,182,0,761617,938
FL-1570,GOI,BOM,B737,VT-AC201,1086,1151,65,183,0,839945,790
FL-1571,BOM,BLR,A320,VT-AC155,1087,1182,95,163,0,793456,790
FL-1572,MAA,AMD,A320,VT-AC160,1088,1205,117,149,0,677304,682
FL-1573,COK,BLR,A320,VT-AC126,1090,1155,65,156,0,652812,816
FL-1574,HYD,BLR,A321,VT-AC183,1094,1164,70,217,0,1006529,717
FL-1575,CCU,MAA,A320,VT-AC135,1095,1230,135,160,0,716273,876
FL-1576,BOM,COK,B737,VT-AC193,1095,1235,140,172,0,817464,940
FL-1577,CCU,HYD,B737,VT-AC200,1096,1183,87,175,0,743871,900
FL-1578,COK,DEL,B737,VT-AC195,1097,1292,195,184,0,799045,933
FL-1579,BOM,BLR,A320,VT-AC146,1098,1193,95,168,0,810120,872
FL-1580,AMD,BOM,B737,VT-AC194,1101,1205,104,158,0,716207,945
FL-1581,PNQ,CCU,A320,VT-AC130,1102,1195,93,160,0,783671,835
FL-1582,BLR,GOI,A321,VT-AC177,1102,1221,119,204,0,829888,721
FL-1583,BLR,DEL,A321,VT-AC180,1106,1271,165,199,0,841523,674
FL-1584,CCU,BLR,A320,VT-AC129,1107,1262,155,173,0,781298,763
FL-1585,BOM,BLR,A321,VT-AC174,1108,1203,95,203,0,831645,869
FL-1586,BLR,CCU,A320,VT-AC107,1109,1259,150,158,0,725439,870
FL-1587,GOI,DEL,A321,VT-AC185,1109,1264,155,212,0,869875,891
FL-1588,BLR,GOI,ATR72,VT-AC211,1110,1225,115,61,0,377967,824
FL-1589,BLR,DEL,A320,VT-AC116,1111,1276,165,156,0,710046,831
FL-1590,BLR,HYD,A320,VT-AC125,1111,1181,70,151,0,749814,819
FL-1591,AMD,BLR,A320,VT-AC152,1114,1206,92,158,0,692079,847
FL-1592,COK,AMD,B737,VT-AC209,1118,1241,123,168,0,769761,833
FL-1593,BLR,MAA,B737,VT-AC202,1121,1176,55,159,0,662037,904
FL-1594,BLR,GOI,A320,VT-AC131,1122,1211,89,176,0,789262,739
FL-1595,BOM,BLR,A320,VT-AC157,1125,1220,95,163,0,736006,718
FL-1596,BLR,DEL,A321,VT-AC176,1127,1292,165,183,0,847018,799
FL-1597,DEL,BLR,A320,VT-AC156,1128,1288,160,172,0,765856,752
FL-1598,MAA,DEL,A321,VT-AC166,1129,1304,175,191,0,910558,658
FL-1599,BLR,HYD,A320,VT-AC138,1130,1200,70,160,0,765803,825
FL-1600,COK,DEL,A320,VT-AC119,1136,1331,195,163,0,692011,859
FL-1601,AMD,BLR,A321,VT-AC161,1136,1268,132,190,0,828015,729
FL-1602,HYD,AMD,A320,VT-AC111,1139,1233,94,152,0,752888,915
FL-1603,AMD,BOM,B737,VT-AC205,1140,1276,136,165,0,695018,846
FL-1604,BLR,DEL,A321,VT-AC181,1144,1309,165,190,0,861357,654
FL-1605,GOI,DEL,A320,VT-AC132,1144,1299,155,156,0,667712,714
FL-1606,BOM,HYD,A321,VT-AC188,1145,1230,85,186,0,768653,805
FL-1607,GOI,BOM,B737,VT-AC196,1146,1211,65,166,0,740398,784
FL-1608,GOI,CCU,A321,VT-AC179,1148,1281,133,190,0,886220,851
FL-1609,COK,BOM,A320,VT-AC139,1148,1252,104,166,0,724821,715
FL-1610,BOM,GOI,A320,VT-AC144,1150,1215,65,155,0,745118,873
FL-1611,GOI,BLR,A321,VT-AC190,1151,1272,121,213,0,921198,928
FL-1612,MAA,BLR,A320,VT-AC113,1152,1207,55,157,0,737700,857
FL-1613,BLR,CCU,B737,VT-AC198,1152,1302,150,184,0,753550,704
FL-1614,COK,PNQ,A320,VT-AC120,1153,1280,127,156,0,680445,696
FL-1615,GOI,DEL,A321,VT-AC163,1154,1309,155,191,0,811664,690
FL-1616,BLR,CCU,A320,VT-AC102,1156,1306,150,170,0,803819,747
FL-1617,BOM,DEL,A321,VT-AC167,1157,1287,130,197,0,904017,939
FL-1618,BLR,BOM,A320,VT-AC147,1161,1261,100,154,0,656776,745
FL-1619,BOM,DEL,ATR72,VT-AC219,1162,1292,130,63,0,391793,929
FL-1620,DEL,BLR,A320,VT-AC118,1162,1322,160,154,0,748964,708
FL-1621,BOM,DEL,A321,VT-AC173,1163,1293,130,199,0,833832,693
FL-1622,BLR,CCU,A320,VT-AC110,1164,1314,150,160,0,718596,759
FL-1623,BLR,HYD,ATR72,VT-AC216,1165,1235,70,65,0,361789,812
FL-1624,DEL,BLR,A320,VT-AC143,1165,1325,160,157,0,744457,703
FL-1625,GOI,PNQ,A321,VT-AC182,1167,1255,88,208,0,913705,846
FL-1626,CCU,BLR,ATR72,VT-AC214,1167,1322,155,69,0,409998,923
FL-1627,HYD,GOI,B737,VT-AC210,1169,1288,119,156,0,729496,730
FL-1628,CCU,PNQ,A320,VT-AC148,1170,1295,125,168,0,781709,739
FL-1629,BOM,CCU,A321,VT-AC189,1174,1329,155,214,0,847637,683
FL-1630,DEL,BLR,A320,VT-AC128,1174,1334,160,152,0,652470,926
FL-1631,AMD,DEL,A320,VT-AC134,1176,1266,90,166,0,773292,664
FL-1632,BLR,PNQ,A320,VT-AC133,1178,1263,85,160,0,757307,840
FL-1633,AMD,BOM,A321,VT-AC162,1178,1316,138,208,0,868665,814
FL-1634,DEL,BOM,A320,VT-AC150,1180,1305,125,148,0,628982,945
FL-1635,BLR,BOM,A320,VT-AC117,1180,1280,100,154,0,731662,811
FL-1636,BLR,BOM,A320,VT-AC109,1181,1281,100,160,0,728549,925
FL-1637,GOI,AMD,A320,VT-AC141,1181,1317,136,157,0,655749,677
FL-1638,PNQ,DEL,B737,VT-AC192,1181,1301,120,172,0,826610,706
FL-1639,BOM,DEL,A320,VT-AC149,1182,1312,130,160,0,778571,678
FL-1640,AMD,BLR,B737,VT-AC191,1182,1313,131,166,0,805395,738
FL-1641,GOI,COK,B737,VT-AC204,1182,1319,137,182,0,799022,811
FL-1642,BLR,DEL,A320,VT-AC159,1184,1349,165,163,0,737515,943
FL-1643,BOM,CCU,A320,VT-AC124,1185,1340,155,161,0,684339,925
FL-1644,AMD,BLR,A320,VT-AC137,1187,1303,116,169,0,751491,939
FL-1645,MAA,BLR,A321,VT-AC172,1191,1246,55,200,0,937262,864
FL-1646,GOI,BLR,A321,VT-AC164,1191,1320,129,192,0,836016,833
FL-1647,HYD,BLR,A320,VT-AC153,1191,1261,70,158,0,740769,863
FL-1648,BOM,DEL,ATR72,VT-AC212,1191,1321,130,68,0,406593,705
FL-1649,BOM,GOI,B737,VT-AC208,1192,1257,65,179,0,767579,709
FL-1650,BOM,BLR,A321,VT-AC165,1194,1289,95,210,0,850436,929
FL-1651,HYD,BLR,ATR72,VT-AC218,1194,1264,70,59,0,342257,741
FL-1652,CCU,DEL,A321,VT-AC169,1196,1336,140,215,0,914494,788
FL-1653,BOM,BLR,B737,VT-AC201,1196,1291,95,180,0,792095,761
FL-1654,DEL,PNQ,A320,VT-AC115,1197,1317,120,170,0,741219,869
FL-1655,BOM,BLR,B737,VT-AC207,1199,1294,95,158,0,680708,752
FL-1656,BLR,PNQ,A320,VT-AC126,1200,1298,98,157,0,706494,775
FL-1657,AMD,COK,A320,VT-AC140,1202,1321,119,155,0,738818,879
FL-1658,AMD,BOM,A320,VT-AC136,1203,1308,105,148,0,662052,885
FL-1659,GOI,CCU,A320,VT-AC106,1205,1324,119,175,0,822993,920
FL-1660,BOM,DEL,A320,VT-AC112,1205,1335,130,167,0,778777,682
FL-1661,PNQ,BOM,A320,VT-AC121,1208,1337,129,159,0,724256,650
FL-1662,BLR,BOM,A321,VT-AC183,1209,1309,100,202,0,855450,738
FL-1663,DEL,COK,A321,VT-AC171,1210,1400,190,190,0,815160,851
FL-1664,COK,CCU,A320,VT-AC104,1210,1305,95,159,0,778571,941
FL-1665,DEL,GOI,B737,VT-AC206,1213,1363,150,178,0,808334,674
FL-1666,BLR,BOM,A320,VT-AC151,1214,1314,100,150,0,664825,846
FL-1667,PNQ,COK,B737,VT-AC199,1216,1310,94,159,0,782720,876
FL-1668,MAA,BLR,ATR72,VT-AC220,1217,1272,55,59,0,370503,778
FL-1669,BLR,BOM,A321,VT-AC184,1217,1317,100,205,0,834805,656
FL-1670,MAA,BOM,ATR72,VT-AC217,1219,1339,120,67,0,365724,914
FL-1671,MAA,COK,B737,VT-AC202,1221,1317,96,182,0,791309,668
FL-1672,CCU,AMD,A321,VT-AC168,1222,1346,124,207,0,895331,827
FL-1673,BOM,AMD,A320,VT-AC158,1222,1305,83,166,0,743004,731
FL-1674,HYD,GOI,A320,VT-AC125,1226,1361,135,171,0,710840,883
FL-1675,BOM,AMD,ATR72,VT-AC215,1227,1310,83,69,0,392193,810
FL-1676,BLR,CCU,A321,VT-AC187,1227,1377,150,186,0,867210,688
FL-1677,BLR,BOM,A320,VT-AC155,1227,1327,100,167,0,735127,852
FL-1678,GOI,BOM,A321,VT-AC175,1228,1293,65,188,0,855892,911
FL-1679,HYD,BLR,B737,VT-AC200,1228,1298,70,184,0,808658,932
FL-1680,BLR,BOM,A320,VT-AC146,1238,1338,100,174,0,717245,857
FL-1681,CCU,DEL,A320,VT-AC130,1240,1380,140,158,0,769574,833
FL-1682,BLR,BOM,A321,VT-AC170,1243,1343,100,184,0,802784,865
FL-1683,HYD,COK,A320,VT-AC138,1245,1330,85,162,0,690763,776
FL-1684,BOM,MAA,A320,VT-AC123,1248,1363,115,161,0,757498,910
FL-1685,BLR,BOM,A321,VT-AC174,1248,1348,100,189,0,796885,682
FL-1686,BLR,BOM,A320,VT-AC142,1248,1348,100,170,0,756167,706
FL-1687,BOM,GOI,A320,VT-AC108,1249,1314,65,153,0,752018,829
FL-1688,BOM,MAA,B737,VT-AC194,1250,1365,115,161,0,723325,667
FL-1689,AMD,BLR,A320,VT-AC160,1250,1333,83,174,0,716407,891
FL-1690,BLR,HYD,A320,VT-AC152,1251,1321,70,163,0,779220,710
FL-1691,BLR,AMD,A320,VT-AC113,1252,1385,133,161,0,681638,923
FL-1692,CCU,DEL,B737,VT-AC197,1254,1394,140,168,0,815153,735
FL-1693,BOM,BLR,B737,VT-AC196,1256,1351,95,161,0,699790,681
FL-1694,HYD,BOM,ATR72,VT-AC213,1256,1341,85,70,0,399359,718
FL-1695,GOI,DEL,A320,VT-AC131,1256,1411,155,148,0,625359,771
FL-1696,GOI,PNQ,A320,VT-AC144,1260,1387,127,160,0,784429,823
FL-1697,BLR,AMD,A320,VT-AC154,1261,1374,113,153,0,679386,894
FL-1698,GOI,CCU,A320,VT-AC101,1262,1367,105,176,0,804702,874
FL-1699,COK,BOM,B737,VT-AC203,1262,1397,135,164,0,778197,819
FL-1700,BLR,GOI,A320,VT-AC157,1265,1374,109,155,0,746292,819
FL-1701,GOI,MAA,A321,VT-AC177,1266,1398,132,189,0,763774,829
FL-1702,COK,BOM,A320,VT-AC103,1266,1371,105,173,0,726385,651
FL-1703,MAA,BOM,A320,VT-AC114,1267,1387,120,166,0,756095,761
FL-1704,GOI,BOM,ATR72,VT-AC211,1270,1335,65,68,0,413530,819
FL-1705,HYD,PNQ,A321,VT-AC188,1275,1399,124,203,0,834519,817
FL-1706,MAA,BLR,A320,VT-AC135,1275,1330,55,169,0,706188,870
FL-1707,AMD,BLR,A320,VT-AC111,1278,1393,115,154,0,747315,883
FL-1708,COK,DEL,B737,VT-AC193,1280,1475,195,164,0,780915,763
FL-1709,HYD,BLR,ATR72,VT-AC216,1280,1350,70,65,0,398885,731
FL-1710,DEL,PNQ,A321,VT-AC186,1285,1405,120,204,0,878512,902
FL-1711,AMD,HYD,B737,VT-AC209,1286,1421,135,175,0,827395,716
FL-1712,DEL,BOM,A320,VT-AC127,1287,1412,125,166,0,717650,939
FL-1713,BLR,CCU,A321,VT-AC172,1291,1441,150,216,0,962442,924
FL-1714,BOM,MAA,A320,VT-AC139,1297,1412,115,174,0,845605,919
FL-1715,PNQ,BOM,A321,VT-AC182,1300,1407,107,193,0,789189,791
FL-1716,GOI,DEL,B737,VT-AC208,1302,1457,155,181,0,730600,720
FL-1717,CCU,DEL,A320,VT-AC107,1304,1444,140,158,0,773542,670
FL-1718,BLR,CCU,A320,VT-AC153,1306,1456,150,173,0,824298,663
FL-1719,BOM,HYD,A320,VT-AC147,1306,1391,85,173,0,719898,783
FL-1720,BLR,MAA,A320,VT-AC129,1307,1362,55,171,0,821604,804
FL-1721,PNQ,AMD,A320,VT-AC133,1308,1423,115,149,0,740829,937
FL-1722,DEL,BLR,A321,VT-AC185,1309,1469,160,187,0,887701,668
FL-1723,BLR,PNQ,ATR72,VT-AC218,1309,1424,115,59,0,377580,782
FL-1724,DEL,BOM,A320,VT-AC134,1311,1436,125,169,0,815391,829
FL-1725,BLR,BOM,A321,VT-AC161,1313,1413,100,213,0,962039,666
FL-1726,DEL,BOM,A321,VT-AC180,1316,1441,125,209,0,895642,713
FL-1727,BLR,DEL,ATR72,VT-AC220,1317,1482,165,65,0,407480,832
FL-1728,BLR,PNQ,A321,VT-AC190,1317,1421,104,209,0,878843,928
FL-1729,BOM,HYD,B737,VT-AC205,1321,1406,85,160,0,767452,802
FL-1730,DEL,PNQ,A320,VT-AC116,1321,1441,120,155,0,719923,791
FL-1731,PNQ,BOM,A320,VT-AC120,1325,1448,123,171,0,775887,660
FL-1732,BOM,DEL,A320,VT-AC117,1325,1455,130,174,0,802870,748
FL-1733,BOM,MAA,A320,VT-AC109,1326,1441,115,168,0,777732,836
FL-1734,CCU,BLR,A321,VT-AC179,1326,1481,155,204,0,905259,842
FL-1735,DEL,COK,A321,VT-AC167,1332,1522,190,213,0,988223,767
FL-1736,GOI,BLR,B737,VT-AC210,1333,1443,110,180,0,851195,688
FL-1737,BLR,AMD,A320,VT-AC156,1333,1431,98,156,0,729808,695
FL-1738,BLR,HYD,A321,VT-AC165,1334,1404,70,213,0,1000351,680
FL-1739,BLR,HYD,B737,VT-AC201,1336,1406,70,170,0,778810,949
FL-1740,DEL,BOM,A321,VT-AC176,1337,1462,125,201,0,820248,884
FL-1741,DEL,BLR,ATR72,VT-AC219,1337,1497,160,60,0,374509,841
FL-1742,DEL,AMD,B737,VT-AC195,1337,1427,90,171,0,787569,802
FL-1743,BOM,BLR,A321,VT-AC175,1338,1433,95,186,0,802296,745
FL-1744,DEL,BOM,A321,VT-AC173,1338,1463,125,207,0,870083,825
FL-1745,BLR,PNQ,B737,VT-AC207,1339,1472,133,170,0,721427,859
FL-1746,PNQ,MAA,A320,VT-AC148,1340,1452,112,154,0,764168,721
FL-1747,BLR,BOM,B737,VT-AC200,1343,1443,100,180,0,763247,696
FL-1748,PNQ,BLR,A320,VT-AC126,1343,1459,116,167,0,708455,739
FL-1749,DEL,BLR,A320,VT-AC132,1344,1504,160,164,0,768234,845
FL-1750,DEL,GOI,B737,VT-AC192,1346,1496,150,166,0,690832,852
FL-1751,CCU,BLR,B737,VT-AC198,1347,1502,155,178,0,843128,826
FL-1752,BLR,MAA,A320,VT-AC137,1348,1403,55,156,0,770377,811
FL-1753,DEL,HYD,A321,VT-AC166,1349,1479,130,205,0,938211,741
FL-1754,AMD,BLR,A320,VT-AC158,1350,1462,112,174,0,830381,809
FL-1755,CCU,BOM,A320,VT-AC104,1350,1510,160,148,0,633306,948
FL-1756,BOM,BLR,A320,VT-AC150,1350,1445,95,169,0,747122,665
FL-1757,CCU,DEL,A320,VT-AC102,1351,1491,140,160,0,716218,889
FL-1758,BOM,PNQ,A320,VT-AC136,1353,1491,138,158,0,710800,704
FL-1759,DEL,BOM,A321,VT-AC181,1354,1479,125,211,0,992000,866
FL-1760,DEL,GOI,A321,VT-AC163,1354,1504,150,195,0,857559,747
FL-1761,BOM,AMD,A321,VT-AC183,1354,1483,129,184,0,825259,657
FL-1762,COK,MAA,B737,VT-AC199,1355,1455,100,163,0,725947,695
FL-1763,AMD,COK,ATR72,VT-AC215,1355,1438,83,59,0,350663,876
FL-1764,DEL,PNQ,A320,VT-AC149,1357,1477,120,152,0,656422,815
FL-1765,BLR,DEL,B737,VT-AC191,1358,1523,165,164,0,771639,833
FL-1766,GOI,BOM,A320,VT-AC108,1359,1424,65,172,0,731074,748
FL-1767,CCU,BLR,A320,VT-AC110,1359,1514,155,173,0,813769,736
FL-1768,BOM,GOI,A320,VT-AC151,1359,1424,65,154,0,749405,731
FL-1769,BOM,BLR,A321,VT-AC162,1361,1456,95,187,0,847167,763
FL-1770,PNQ,HYD,A320,VT-AC115,1362,1446,84,162,0,712623,865
FL-1771,AMD,BOM,A320,VT-AC141,1362,1465,103,154,0,765325,841
FL-1772,BOM,AMD,A321,VT-AC184,1362,1486,124,182,0,804677,827
FL-1773,COK,AMD,B737,VT-AC204,1364,1455,91,178,0,789031,740
FL-1774,BLR,BOM,A321,VT-AC164,1365,1465,100,200,0,869564,700
FL-1775,HYD,DEL,A320,VT-AC152,1366,1496,130,158,0,756075,823
FL-1776,COK,BOM,A320,VT-AC140,1366,1461,95,156,0,750116,890
FL-1777,DEL,AMD,ATR72,VT-AC212,1366,1456,90,69,0,417028,713
FL-1778,BLR,BOM,ATR72,VT-AC214,1367,1467,100,63,0,352243,704
FL-1779,BLR,PNQ,A320,VT-AC118,1367,1472,105,161,0,739520,677
FL-1780,CCU,DEL,A320,VT-AC106,1369,1509,140,163,0,793100,703
FL-1781,BLR,PNQ,A320,VT-AC143,1370,1497,127,169,0,708836,830
FL-1782,BOM,PNQ,A320,VT-AC155,1372,1501,129,170,0,733501,797
FL-1783,CCU,DEL,A321,VT-AC189,1374,1514,140,197,0,800697,819
FL-1784,BLR,DEL,A320,VT-AC135,1375,1540,165,167,0,749414,807
FL-1785,COK,CCU,A320,VT-AC138,1375,1483,108,162,0,747430,836
FL-1786,DEL,BLR,A320,VT-AC119,1376,1536,160,161,0,669404,797
FL-1787,BLR,DEL,A320,VT-AC160,1378,1543,165,152,0,652868,865
FL-1788,BLR,GOI,A320,VT-AC128,1379,1482,103,162,0,786787,734
